stream_id,user_id,track_id,stream_timestamp
4001,262,599,2025-11-20 08:35:33
4002,276,545,2025-11-20 22:11:52
4003,215,573,2025-12-02 00:33:21
4004,202,555,2025-10-04 09:20:39
4005,218,533,2025-10-31 20:39:43
4006,285,436,2025-12-04 21:08:30
4007,300,462,2025-10-20 21:09:09
4008,285,441,2025-12-04 23:39:40
4009,205,432,2025-11-01 00:02:22
4010,248,410,2025-12-28 00:32:27
4011,257,536,2025-12-14 00:43:11
4012,247,452,2025-10-16 10:00:34
4013,237,578,2025-10-19 23:43:23
4014,282,486,2025-10-17 07:35:19
4015,220,471,2025-12-22 13:28:05
4016,205,469,2025-12-12 08:11:17
4017,207,426,2025-12-07 17:28:47
4018,260,438,2025-12-28 03:55:35
4019,205,545,2025-11-12 02:09:59
4020,253,489,2025-11-12 23:20:22
4021,242,473,2025-11-28 11:55:21
4022,223,423,2025-10-18 10:36:21
4023,231,505,2025-10-04 07:49:31
4024,228,510,2025-12-04 22:45:46
4025,238,453,2025-12-04 15:39:53
4026,262,556,2025-12-08 16:38:08
4027,208,416,2025-12-19 07:52:05
4028,285,520,2025-10-28 13:02:47
4029,273,534,2025-12-15 19:05:37
4030,277,477,2025-11-12 01:15:04
4031,202,500,2025-11-05 11:39:55
4032,242,594,2025-11-23 11:53:52
4033,217,556,2025-12-09 14:06:26
4034,235,588,2025-12-01 21:34:16
4035,287,584,2025-12-27 12:15:40
4036,202,422,2025-11-09 23:33:57
4037,268,416,2025-11-11 04:59:09
4038,214,531,2025-12-27 10:33:31
4039,269,600,2025-11-07 05:17:59
4040,253,462,2025-10-24 05:45:37
4041,300,522,2025-12-08 20:07:21
4042,266,473,2025-10-13 22:41:55
4043,229,583,2025-10-18 05:58:08
4044,289,483,2025-10-17 13:35:36
4045,285,596,2025-12-10 13:04:26
4046,240,489,2025-12-04 04:56:37
4047,235,585,2025-10-04 10:41:14
4048,225,420,2025-12-27 18:13:27
4049,209,482,2025-12-04 11:55:20
4050,217,556,2025-12-08 08:02:16
4051,213,501,2025-11-24 12:02:40
4052,202,536,2025-10-18 19:32:02
4053,201,416,2025-12-10 11:47:26
4054,235,539,2025-12-03 22:19:34
4055,256,483,2025-12-31 16:55:44
4056,257,579,2025-12-19 19:20:59
4057,274,591,2025-10-16 22:34:54
4058,231,559,2025-12-16 12:55:10
4059,273,478,2025-10-04 07:29:47
4060,298,411,2025-10-19 04:25:47
4061,251,409,2025-12-03 12:17:52
4062,209,577,2025-12-19 19:04:06
4063,221,467,2025-12-03 09:10:11
4064,296,546,2025-10-05 03:41:27
4065,282,528,2025-10-13 09:09:25
4066,255,597,2025-10-09 20:51:39
4067,264,432,2025-11-08 02:59:25
4068,240,445,2025-12-11 12:23:32
4069,234,572,2025-10-30 22:34:11
4070,236,468,2025-10-23 02:42:33
4071,294,430,2025-11-29 12:58:57
4072,269,501,2025-10-26 14:10:28
4073,211,564,2025-12-18 15:39:53
4074,208,410,2025-11-09 03:36:27
4075,221,468,2025-11-19 14:11:16
4076,295,511,2025-11-20 21:14:23
4077,269,483,2025-10-09 02:27:18
4078,268,497,2025-10-26 19:15:23
4079,251,534,2025-10-15 04:49:19
4080,220,491,2025-12-24 12:59:58
4081,280,500,2025-12-19 06:48:30
4082,273,416,2025-12-22 15:34:09
4083,294,431,2025-10-23 13:23:20
4084,224,565,2025-11-22 04:48:30
4085,253,436,2025-12-02 23:15:27
4086,228,531,2025-12-26 16:08:34
4087,257,446,2025-12-09 11:35:57
4088,261,480,2025-12-12 11:38:03
4089,248,417,2025-10-15 20:10:54
4090,283,581,2025-10-09 19:32:00
4091,258,482,2025-10-28 16:22:10
4092,233,527,2025-11-17 02:09:32
4093,209,441,2025-10-29 06:35:40
4094,256,469,2025-12-18 10:37:55
4095,223,583,2025-11-01 19:12:56
4096,256,423,2025-10-11 15:01:00
4097,297,573,2025-12-04 02:21:46
4098,274,529,2025-11-27 06:28:29
4099,239,535,2025-12-04 23:20:59
4100,290,535,2025-12-04 15:51:57
4101,257,428,2025-10-15 03:47:49
4102,294,481,2025-10-18 10:53:52
4103,296,433,2025-12-23 16:51:28
4104,284,519,2025-12-01 21:15:52
4105,267,432,2025-12-14 07:58:08
4106,274,409,2025-10-10 12:58:52
4107,203,450,2025-11-09 10:16:26
4108,263,592,2025-12-01 20:14:51
4109,284,564,2025-11-30 09:40:06
4110,235,551,2025-11-05 14:52:44
4111,286,587,2025-12-22 13:56:08
4112,275,590,2025-12-28 05:09:42
4113,264,421,2025-12-24 22:59:05
4114,201,588,2025-10-16 16:18:54
4115,276,511,2025-11-21 00:01:06
4116,273,579,2025-11-03 06:47:50
4117,251,488,2025-10-21 07:31:27
4118,243,511,2025-10-05 03:30:03
4119,263,493,2025-12-08 04:58:11
4120,232,501,2026-01-01 11:33:23
4121,226,403,2025-10-15 09:23:39
4122,282,493,2025-10-29 22:30:01
4123,289,590,2025-12-16 11:42:07
4124,216,477,2025-10-22 00:10:59
4125,228,560,2025-11-18 19:49:43
4126,267,506,2025-11-24 01:03:33
4127,242,530,2025-10-21 16:33:41
4128,289,510,2025-12-10 18:20:22
4129,222,491,2025-11-22 00:41:25
4130,232,493,2025-12-21 17:48:23
4131,285,436,2025-11-02 17:59:11
4132,249,541,2025-12-15 00:42:28
4133,222,409,2025-10-19 01:06:57
4134,263,519,2025-12-29 05:29:39
4135,240,563,2025-10-27 09:34:39
4136,219,493,2025-12-06 16:24:18
4137,223,563,2025-10-28 11:43:29
4138,261,453,2025-11-27 14:43:25
4139,268,593,2025-10-11 03:49:44
4140,201,574,2025-10-06 21:04:40
4141,231,548,2025-12-29 05:48:48
4142,293,466,2025-12-11 08:27:45
4143,237,580,2025-12-07 09:02:04
4144,248,524,2025-12-08 19:02:57
4145,295,521,2025-12-17 05:59:06
4146,201,489,2025-12-11 04:16:48
4147,223,470,2025-12-05 21:22:32
4148,282,436,2025-12-23 01:32:45
4149,252,565,2025-12-27 07:22:23
4150,233,524,2025-12-26 02:19:37
4151,256,409,2025-12-27 06:24:16
4152,282,587,2025-11-29 11:38:31
4153,269,589,2025-12-29 16:40:33
4154,254,410,2025-10-31 13:45:56
4155,216,449,2025-10-19 15:54:01
4156,242,431,2025-10-07 17:37:25
4157,230,494,2025-10-03 16:44:26
4158,260,527,2025-10-15 19:51:17
4159,292,579,2025-11-20 21:47:43
4160,299,563,2025-11-13 10:50:12
4161,238,462,2025-12-06 20:38:12
4162,255,517,2025-12-04 15:37:05
4163,203,414,2025-12-31 11:58:03
4164,284,469,2025-11-11 19:52:20
4165,218,445,2025-12-04 13:17:12
4166,250,456,2025-12-29 21:57:51
4167,255,412,2025-10-26 19:50:56
4168,206,472,2025-12-15 13:04:31
4169,299,405,2025-12-06 23:45:31
4170,240,585,2025-10-11 07:12:55
4171,217,447,2025-11-12 00:46:29
4172,271,443,2025-12-27 06:42:34
4173,210,488,2025-12-07 11:29:58
4174,276,565,2025-12-09 08:59:19
4175,222,409,2025-12-16 14:09:49
4176,272,566,2025-12-22 10:25:25
4177,229,592,2025-11-13 13:43:09
4178,247,436,2025-10-04 10:17:29
4179,210,485,2025-12-17 01:53:32
4180,224,520,2025-11-02 10:36:45
4181,277,515,2025-10-21 22:29:31
4182,249,451,2025-12-08 12:57:52
4183,242,569,2025-10-10 12:42:57
4184,292,595,2025-12-24 20:25:30
4185,262,424,2025-12-23 10:28:27
4186,208,496,2025-10-28 03:26:08
4187,221,407,2025-10-14 07:09:48
4188,297,457,2025-11-04 10:32:02
4189,236,556,2025-10-05 18:42:59
4190,256,523,2025-12-05 08:53:20
4191,267,433,2025-11-23 17:19:11
4192,287,565,2025-12-28 06:04:58
4193,281,494,2025-12-16 08:11:58
4194,263,540,2025-11-05 01:31:24
4195,262,574,2025-11-12 13:02:57
4196,249,566,2025-10-05 07:32:31
4197,212,499,2025-11-12 17:26:33
4198,207,487,2025-12-14 03:14:12
4199,205,553,2025-10-06 17:38:28
4200,259,505,2025-12-29 21:11:18
4201,216,467,2025-12-20 11:54:13
4202,209,414,2025-12-25 14:46:35
4203,281,531,2025-10-11 10:28:37
4204,206,417,2025-11-27 05:26:55
4205,257,434,2025-11-09 09:12:17
4206,230,525,2025-11-15 15:06:54
4207,234,508,2025-12-27 04:42:52
4208,222,441,2025-12-07 18:18:45
4209,297,451,2025-11-17 13:39:37
4210,273,403,2025-11-27 05:56:52
4211,293,557,2025-11-10 06:36:42
4212,279,457,2025-11-07 02:11:10
4213,261,589,2025-11-30 23:28:52
4214,266,408,2025-12-31 06:59:00
4215,275,472,2025-11-27 10:13:40
4216,217,513,2025-12-10 14:52:41
4217,247,506,2025-12-13 23:07:55
4218,261,443,2025-11-28 20:07:29
4219,295,555,2025-10-19 19:06:15
4220,251,554,2025-10-19 16:10:47
4221,215,503,2025-10-16 10:56:07
4222,274,567,2025-11-13 05:39:21
4223,253,442,2025-11-20 13:00:38
4224,204,582,2025-11-30 06:35:02
4225,298,412,2025-12-09 14:00:38
4226,223,407,2025-12-22 14:21:14
4227,264,508,2025-12-11 15:31:15
4228,292,546,2025-10-24 01:51:10
4229,231,561,2025-11-24 14:17:07
4230,226,412,2026-01-01 03:16:48
4231,259,474,2025-10-11 10:57:54
4232,270,470,2025-11-30 02:33:07
4233,226,431,2025-12-03 22:38:47
4234,210,515,2025-11-23 20:42:22
4235,205,515,2025-12-23 04:25:06
4236,287,536,2025-11-23 02:40:11
4237,206,469,2025-10-18 08:44:37
4238,290,572,2025-10-16 05:42:24
4239,213,576,2025-11-28 00:48:40
4240,248,439,2025-10-14 18:14:24
4241,277,566,2025-12-03 14:26:17
4242,285,546,2025-10-18 16:09:34
4243,232,477,2025-11-17 07:00:50
4244,229,595,2025-12-21 04:05:34
4245,256,577,2025-11-24 18:23:41
4246,231,542,2025-10-17 09:56:44
4247,257,545,2025-12-18 08:48:25
4248,288,544,2025-11-02 23:17:17
4249,274,540,2025-11-01 02:06:20
4250,259,522,2025-10-14 06:24:39
4251,202,515,2025-10-14 15:54:35
4252,244,490,2025-10-13 02:32:33
4253,203,452,2025-12-07 17:56:42
4254,203,596,2025-11-06 20:59:05
4255,271,587,2025-11-30 19:37:44
4256,214,569,2025-10-28 07:07:41
4257,206,485,2025-10-17 13:41:57
4258,251,452,2025-10-05 13:57:58
4259,213,578,2025-11-17 22:34:01
4260,205,415,2025-11-06 15:07:04
4261,259,486,2025-12-24 05:44:03
4262,242,463,2025-10-23 07:27:03
4263,268,456,2025-10-03 20:05:13
4264,274,561,2025-11-01 10:50:24
4265,215,405,2025-10-08 19:43:11
4266,202,540,2025-10-31 06:03:07
4267,205,450,2025-10-18 15:27:27
4268,267,401,2025-12-19 11:27:32
4269,206,418,2025-11-08 20:11:13
4270,228,449,2025-10-28 01:07:12
4271,238,571,2025-10-23 17:50:21
4272,219,527,2025-12-28 17:47:36
4273,202,448,2025-11-02 06:25:26
4274,248,535,2025-12-03 12:53:44
4275,300,508,2025-11-13 08:01:32
4276,232,583,2025-12-13 15:28:19
4277,294,459,2026-01-01 06:36:59
4278,236,466,2025-11-03 05:47:54
4279,279,416,2025-11-05 12:20:47
4280,289,441,2025-11-19 14:52:32
4281,285,444,2025-11-13 11:51:01
4282,250,591,2025-12-02 20:14:50
4283,278,578,2025-11-14 04:00:16
4284,211,428,2025-12-09 20:28:55
4285,295,496,2025-12-22 08:52:59
4286,290,426,2025-10-09 10:21:15
4287,223,562,2025-11-10 14:00:46
4288,274,460,2025-11-16 12:30:56
4289,231,410,2025-10-14 15:00:11
4290,222,516,2025-12-24 23:43:09
4291,285,407,2025-10-29 12:53:09
4292,295,576,2025-10-18 02:23:51
4293,280,544,2025-12-21 18:20:16
4294,254,522,2025-12-30 20:00:11
4295,248,462,2025-10-30 23:55:29
4296,290,435,2025-11-14 14:21:26
4297,208,415,2025-10-13 17:38:55
4298,241,588,2025-12-31 19:45:23
4299,201,545,2025-11-29 13:34:32
4300,273,421,2025-11-01 10:04:36
4301,297,568,2025-12-08 04:10:03
4302,286,404,2025-12-21 11:32:01
4303,222,451,2025-12-19 23:59:19
4304,225,569,2025-12-03 21:22:17
4305,273,589,2025-11-13 12:37:44
4306,299,577,2025-10-18 04:05:09
4307,265,557,2025-11-14 08:05:09
4308,241,437,2025-10-10 18:21:40
4309,239,501,2025-10-08 10:38:32
4310,273,505,2025-10-18 14:16:00
4311,219,412,2025-12-24 07:21:31
4312,256,583,2025-12-07 16:58:40
4313,294,421,2025-12-10 16:30:54
4314,280,431,2025-11-26 15:51:13
4315,287,571,2025-12-01 09:39:30
4316,232,538,2025-10-07 15:52:54
4317,268,528,2025-12-17 03:28:28
4318,253,575,2025-11-25 07:17:51
4319,217,438,2025-10-11 01:53:19
4320,202,435,2025-12-03 12:37:00
4321,254,585,2025-10-12 01:31:12
4322,236,463,2025-12-02 17:39:52
4323,247,517,2025-12-30 17:44:45
4324,283,507,2025-10-29 09:28:23
4325,278,450,2025-11-22 15:18:26
4326,263,450,2025-11-04 21:47:28
4327,273,558,2025-12-06 00:52:31
4328,263,575,2025-12-11 19:08:37
4329,294,449,2025-10-05 05:19:27
4330,260,468,2025-10-27 21:19:54
4331,265,449,2025-11-07 03:04:46
4332,239,549,2025-10-11 01:22:04
4333,234,558,2025-12-19 22:02:37
4334,239,402,2025-10-22 10:48:26
4335,213,569,2025-10-10 05:56:53
4336,299,482,2025-10-30 02:07:58
4337,289,465,2025-10-10 01:29:41
4338,281,469,2025-11-13 05:07:27
4339,238,590,2025-12-27 15:24:51
4340,230,422,2025-11-22 10:06:37
4341,259,571,2025-11-02 11:14:46
4342,266,542,2025-10-20 07:05:51
4343,280,548,2025-12-15 11:08:26
4344,285,557,2025-10-18 23:07:12
4345,289,527,2025-11-18 21:04:41
4346,248,418,2025-12-06 11:22:44
4347,235,525,2025-12-13 21:54:26
4348,250,553,2025-11-19 19:25:40
4349,265,422,2025-12-23 23:05:02
4350,291,469,2025-10-09 21:42:11
4351,281,488,2025-11-26 17:14:59
4352,225,599,2025-11-27 09:35:04
4353,293,454,2025-11-04 02:38:30
4354,270,543,2025-12-25 04:24:53
4355,213,466,2025-12-08 06:27:35
4356,285,508,2025-11-07 00:29:05
4357,201,441,2025-11-10 06:25:43
4358,258,574,2025-11-22 14:39:23
4359,225,577,2025-10-16 17:46:48
4360,234,554,2025-10-20 11:34:12
4361,299,537,2025-12-14 21:54:25
4362,272,452,2025-11-15 10:18:38
4363,296,495,2025-10-30 16:49:51
4364,279,519,2025-12-28 01:25:25
4365,222,596,2025-10-17 18:19:05
4366,300,534,2025-10-06 11:40:30
4367,238,595,2025-11-18 10:32:03
4368,227,420,2025-12-07 08:09:53
4369,202,416,2025-11-15 03:36:18
4370,243,424,2025-11-14 20:29:37
4371,298,449,2025-10-11 20:01:27
4372,280,529,2025-10-26 13:29:28
4373,295,511,2025-11-05 03:47:51
4374,282,571,2025-10-27 03:35:43
4375,297,458,2025-12-24 06:51:34
4376,262,523,2025-10-30 13:34:20
4377,255,472,2025-12-09 20:48:55
4378,225,504,2025-11-24 00:31:28
4379,210,489,2025-11-18 16:34:57
4380,252,523,2025-12-30 19:28:14
4381,287,465,2025-10-07 11:10:56
4382,244,460,2025-12-21 05:45:32
4383,295,564,2025-10-10 16:27:21
4384,229,448,2025-11-22 08:04:55
4385,240,402,2025-12-08 02:48:40
4386,201,438,2025-11-02 02:47:17
4387,282,561,2025-12-09 17:39:29
4388,203,490,2025-12-21 21:09:27
4389,208,419,2025-10-09 23:55:19
4390,280,496,2025-10-21 20:21:52
4391,204,570,2025-10-11 03:46:36
4392,207,507,2025-11-06 10:01:21
4393,289,546,2025-11-15 03:34:15
4394,270,523,2025-12-01 22:08:47
4395,279,515,2025-12-26 12:58:51
4396,278,482,2025-12-03 07:12:46
4397,231,597,2025-11-22 05:43:03
4398,293,412,2025-11-20 11:35:20
4399,291,563,2025-11-30 04:16:11
4400,284,527,2025-10-04 08:30:05
4401,268,524,2025-11-18 18:13:42
4402,286,429,2025-11-09 06:13:36
4403,229,500,2025-12-30 16:30:07
4404,204,562,2025-11-26 18:43:29
4405,266,405,2025-10-29 01:11:26
4406,295,456,2025-10-06 03:44:27
4407,295,557,2025-11-21 20:23:14
4408,261,518,2025-11-21 20:20:17
4409,280,544,2025-11-03 23:34:07
4410,269,551,2025-11-10 08:23:43
4411,206,540,2025-10-18 06:18:51
4412,248,533,2025-11-04 13:04:24
4413,296,457,2025-11-18 00:28:29
4414,234,538,2025-12-23 16:56:45
4415,224,509,2025-12-20 22:21:48
4416,245,573,2025-12-12 22:57:40
4417,255,569,2025-11-04 10:11:17
4418,231,593,2025-11-07 10:37:21
4419,215,451,2025-12-03 15:25:32
4420,240,542,2025-12-17 13:41:02
4421,229,452,2025-12-15 12:08:39
4422,247,419,2025-11-05 04:57:47
4423,250,480,2025-11-12 08:10:11
4424,220,493,2025-11-17 01:49:25
4425,212,577,2025-11-22 01:30:36
4426,240,457,2025-11-11 15:03:26
4427,231,581,2025-12-09 13:56:21
4428,209,532,2025-10-15 04:59:58
4429,208,525,2025-12-28 11:11:40
4430,288,405,2025-12-13 23:19:47
4431,246,540,2025-10-23 01:09:49
4432,231,523,2025-12-06 21:09:35
4433,263,511,2025-12-09 17:39:16
4434,241,595,2025-11-10 09:00:48
4435,296,556,2025-11-13 17:34:13
4436,245,578,2025-11-08 05:40:21
4437,215,427,2025-10-17 21:26:57
4438,258,441,2026-01-01 06:59:40
4439,229,468,2025-11-28 11:46:55
4440,230,417,2025-10-19 05:24:37
4441,280,589,2025-10-18 01:58:23
4442,291,525,2025-12-18 22:32:41
4443,255,595,2025-11-11 07:46:59
4444,235,457,2025-12-09 06:39:19
4445,252,595,2025-10-10 06:00:33
4446,242,546,2025-11-06 17:12:10
4447,276,503,2025-12-17 20:55:08
4448,249,465,2025-12-18 04:06:13
4449,260,587,2025-11-01 10:34:49
4450,272,475,2025-10-23 22:09:37
4451,289,532,2025-10-15 05:16:04
4452,264,506,2025-12-03 12:55:40
4453,203,551,2025-12-24 06:48:37
4454,234,566,2025-10-31 07:12:48
4455,272,461,2025-10-17 23:15:05
4456,270,578,2025-11-09 05:34:58
4457,232,489,2025-10-26 22:58:30
4458,291,586,2025-12-09 05:45:54
4459,225,532,2025-11-17 15:31:58
4460,296,429,2025-10-21 01:51:10
4461,202,435,2025-10-07 09:54:25
4462,279,549,2025-12-09 15:35:42
4463,291,487,2025-12-22 21:50:59
4464,282,553,2025-11-19 12:14:10
4465,203,476,2025-12-16 11:08:39
4466,297,519,2025-11-24 22:39:08
4467,241,504,2025-12-11 23:09:32
4468,265,576,2025-12-17 10:34:08
4469,281,483,2025-11-11 07:32:09
4470,207,451,2025-10-23 22:25:31
4471,285,547,2025-11-23 03:59:41
4472,287,525,2025-12-06 07:40:31
4473,223,449,2025-12-21 23:30:03
4474,217,569,2025-10-08 00:02:52
4475,272,491,2025-10-30 09:03:31
4476,216,416,2025-10-24 15:29:16
4477,273,505,2025-12-25 07:24:55
4478,262,584,2025-11-26 05:35:41
4479,234,433,2025-10-10 11:31:56
4480,256,421,2025-12-13 02:54:46
4481,244,564,2025-12-19 01:29:49
4482,246,441,2025-11-22 18:04:05
4483,287,496,2025-11-03 03:22:13
4484,231,451,2025-10-08 17:59:42
4485,256,573,2025-11-06 17:33:03
4486,210,589,2025-10-23 05:24:13
4487,273,438,2025-10-07 17:34:31
4488,278,561,2025-10-08 13:12:41
4489,274,544,2025-11-25 16:47:40
4490,290,474,2025-10-26 21:21:33
4491,221,515,2025-12-10 07:30:33
4492,219,439,2025-10-26 11:05:23
4493,202,477,2025-12-23 23:13:16
4494,259,434,2025-10-15 05:53:16
4495,216,546,2025-10-09 06:14:07
4496,249,528,2025-10-10 15:50:16
4497,225,584,2025-10-19 15:19:50
4498,292,431,2025-10-13 09:51:04
4499,291,587,2025-11-12 00:41:39
4500,211,593,2025-11-17 15:16:05
4501,218,568,2025-12-11 12:07:52
4502,246,510,2025-11-29 06:36:39
4503,272,538,2025-12-10 23:21:10
4504,241,512,2025-10-30 02:15:24
4505,230,416,2025-12-12 06:06:00
4506,264,457,2025-11-15 10:29:16
4507,213,402,2025-11-03 22:28:10
4508,284,517,2025-11-22 17:49:28
4509,203,510,2025-11-15 02:03:42
4510,241,420,2025-10-14 17:26:12
4511,204,597,2025-11-03 06:38:48
4512,245,438,2025-12-12 08:07:08
4513,217,557,2025-10-18 16:28:58
4514,240,446,2025-12-02 07:04:07
4515,219,494,2025-12-22 19:20:26
4516,299,548,2025-11-18 05:48:02
4517,237,548,2025-10-19 13:16:35
4518,246,528,2025-12-11 07:32:52
4519,208,491,2025-10-15 06:09:11
4520,215,540,2025-10-14 15:11:47
4521,241,485,2025-11-25 00:41:03
4522,250,441,2025-11-24 12:45:42
4523,227,545,2025-12-03 03:01:47
4524,212,507,2025-11-22 11:51:01
4525,300,515,2025-10-10 17:10:03
4526,261,412,2025-12-02 23:42:58
4527,257,444,2025-12-19 10:32:43
4528,230,546,2025-10-15 08:14:27
4529,206,455,2025-11-17 00:40:53
4530,245,440,2025-12-04 00:11:42
4531,203,401,2025-10-26 16:15:16
4532,275,433,2025-11-26 17:36:05
4533,278,578,2025-12-14 14:36:01
4534,211,437,2025-11-19 20:34:19
4535,215,454,2025-11-28 05:40:44
4536,246,523,2025-10-10 14:06:40
4537,258,478,2025-10-27 22:01:23
4538,226,548,2025-11-07 19:24:21
4539,296,582,2025-10-19 02:37:07
4540,207,413,2025-11-28 21:14:56
4541,231,440,2025-12-10 16:06:46
4542,262,500,2025-11-20 22:40:24
4543,283,577,2025-10-27 02:16:45
4544,246,429,2025-11-07 22:58:23
4545,239,495,2025-10-27 08:31:24
4546,264,592,2025-12-23 22:42:34
4547,251,450,2025-11-07 09:47:36
4548,236,553,2025-10-28 10:40:19
4549,279,593,2025-11-01 03:04:03
4550,201,447,2025-12-21 15:57:04
4551,231,596,2025-11-11 23:15:58
4552,225,481,2025-11-19 16:00:53
4553,258,496,2025-12-25 09:54:02
4554,249,576,2025-12-14 15:42:09
4555,274,578,2025-12-07 08:11:48
4556,292,582,2025-11-30 10:28:34
4557,279,545,2025-12-20 16:52:57
4558,292,448,2025-12-28 03:52:35
4559,254,562,2025-12-09 15:09:36
4560,243,504,2025-10-15 16:41:31
4561,246,561,2025-12-15 20:11:44
4562,249,567,2025-10-18 15:40:23
4563,246,431,2025-11-30 19:30:01
4564,299,428,2026-01-01 06:51:05
4565,260,461,2025-11-24 15:09:31
4566,253,548,2026-01-01 05:51:45
4567,292,585,2025-11-23 19:24:22
4568,206,571,2025-11-25 06:06:24
4569,240,450,2025-10-18 15:13:19
4570,217,584,2025-12-10 14:22:08
4571,281,534,2025-12-23 00:18:27
4572,234,542,2025-12-23 15:23:54
4573,297,463,2025-11-14 09:58:44
4574,252,446,2025-10-06 05:48:38
4575,206,421,2025-11-23 21:44:04
4576,275,539,2025-10-17 23:53:43
4577,264,564,2025-10-18 05:00:05
4578,265,532,2025-12-12 20:31:49
4579,219,596,2025-11-06 14:52:29
4580,284,459,2025-10-23 15:12:58
4581,225,488,2025-10-17 09:08:54
4582,225,437,2025-11-04 04:55:38
4583,275,461,2025-10-13 22:29:55
4584,248,563,2025-12-03 02:38:48
4585,258,507,2025-11-09 01:16:48
4586,203,507,2025-12-16 21:16:35
4587,227,401,2025-12-11 20:04:34
4588,248,522,2025-12-03 09:55:28
4589,230,600,2025-12-21 20:57:52
4590,268,488,2025-10-04 13:43:21
4591,266,518,2025-10-05 14:16:59
4592,280,448,2025-11-30 03:39:55
4593,249,482,2025-10-05 18:14:17
4594,220,510,2025-10-18 04:42:37
4595,230,491,2025-10-30 20:56:01
4596,213,517,2025-12-05 20:23:06
4597,295,575,2025-11-03 08:17:00
4598,294,517,2025-10-06 23:59:08
4599,234,531,2025-10-14 23:13:05
4600,228,457,2025-11-25 03:47:08
4601,223,574,2025-11-03 09:55:55
4602,229,479,2025-11-29 14:50:23
4603,240,466,2025-11-18 08:49:16
4604,209,543,2025-12-13 14:27:58
4605,287,568,2025-10-10 19:41:45
4606,250,527,2025-12-07 09:41:41
4607,246,482,2025-11-05 04:01:14
4608,267,406,2025-12-19 07:57:34
4609,248,516,2025-10-06 21:06:14
4610,245,566,2025-10-20 08:20:17
4611,277,581,2025-10-31 01:33:10
4612,213,454,2025-12-28 21:45:23
4613,281,489,2025-11-24 19:17:32
4614,234,506,2025-11-17 02:53:26
4615,293,416,2025-11-05 16:23:58
4616,283,530,2025-11-02 16:38:07
4617,231,453,2025-10-10 17:54:55
4618,208,443,2025-11-30 01:25:50
4619,267,441,2025-12-09 00:08:33
4620,269,573,2025-12-09 13:44:58
4621,289,468,2025-10-07 11:04:46
4622,257,481,2025-12-15 08:37:06
4623,267,562,2025-12-22 13:14:03
4624,260,470,2025-12-14 02:41:45
4625,271,563,2025-11-20 10:43:01
4626,212,422,2025-11-05 08:13:19
4627,265,595,2025-11-29 20:25:50
4628,215,484,2025-10-26 15:37:06
4629,269,565,2025-12-25 07:34:26
4630,281,485,2026-01-01 00:57:59
4631,286,475,2025-11-20 22:31:24
4632,250,424,2025-12-02 11:01:16
4633,286,515,2025-12-18 13:22:39
4634,252,528,2025-11-29 14:57:43
4635,299,428,2025-10-15 12:26:26
4636,206,445,2025-11-17 17:35:28
4637,294,563,2025-10-28 05:19:35
4638,285,420,2025-10-21 02:05:04
4639,226,586,2025-10-19 04:52:51
4640,274,403,2025-11-29 01:42:47
4641,255,401,2025-11-05 22:35:02
4642,226,467,2025-10-25 03:53:50
4643,228,595,2025-10-06 15:13:11
4644,292,549,2025-10-12 20:34:39
4645,251,556,2025-12-17 12:46:48
4646,214,510,2025-12-13 22:38:18
4647,274,520,2025-11-11 07:59:22
4648,223,474,2025-10-27 00:43:42
4649,214,477,2025-10-19 14:54:37
4650,238,485,2025-10-24 16:43:15
4651,206,407,2025-11-14 07:01:18
4652,294,596,2025-11-29 18:42:18
4653,241,521,2025-12-28 19:53:17
4654,294,404,2025-11-08 14:26:49
4655,295,560,2025-11-23 01:09:45
4656,277,568,2025-10-06 01:37:48
4657,222,468,2025-10-17 02:35:46
4658,284,425,2025-12-20 20:15:35
4659,214,461,2025-10-25 21:10:47
4660,222,563,2025-12-12 12:12:37
4661,224,469,2025-10-20 16:43:28
4662,250,420,2025-12-17 14:50:07
4663,229,401,2025-12-30 00:33:34
4664,226,490,2025-11-08 18:27:56
4665,221,597,2025-10-27 11:05:55
4666,202,445,2025-12-13 01:36:27
4667,242,585,2025-10-31 18:23:53
4668,263,590,2025-11-15 15:09:05
4669,249,471,2025-10-25 14:30:08
4670,282,411,2025-10-31 02:47:54
4671,220,550,2025-11-09 11:36:43
4672,247,443,2025-10-30 04:01:07
4673,236,428,2025-12-06 13:12:31
4674,226,439,2025-12-08 06:45:42
4675,263,562,2025-11-24 14:29:31
4676,225,578,2025-12-23 23:16:05
4677,207,445,2025-10-18 04:02:13
4678,241,593,2025-10-04 16:47:18
4679,283,477,2025-11-22 15:24:53
4680,224,575,2025-11-19 18:40:15
4681,288,526,2025-10-23 16:26:10
4682,242,587,2025-10-30 09:43:51
4683,236,523,2025-10-28 13:16:17
4684,297,537,2025-11-29 14:19:01
4685,273,508,2025-12-03 18:00:22
4686,204,541,2025-11-29 20:44:44
4687,230,463,2025-12-22 21:15:28
4688,217,581,2025-10-12 06:51:35
4689,254,592,2025-10-23 03:51:50
4690,283,527,2025-12-12 01:54:18
4691,218,594,2025-12-11 12:12:28
4692,218,419,2025-12-05 19:47:24
4693,287,504,2025-12-07 20:32:16
4694,235,491,2025-11-06 03:38:38
4695,228,599,2025-12-11 17:26:08
4696,246,406,2025-10-24 09:29:40
4697,231,479,2025-12-23 11:06:16
4698,206,442,2025-10-08 22:12:24
4699,206,542,2025-12-12 14:50:57
4700,245,461,2025-11-24 20:19:10
4701,274,500,2025-11-30 02:37:19
4702,279,429,2025-11-27 15:25:16
4703,239,471,2025-10-06 11:00:32
4704,221,573,2025-12-08 06:41:48
4705,212,448,2025-12-07 02:08:14
4706,295,531,2025-10-13 22:48:43
4707,212,559,2025-12-02 15:53:05
4708,212,513,2025-12-07 19:29:10
4709,291,467,2025-10-07 00:17:21
4710,266,593,2025-10-27 10:49:17
4711,256,583,2025-10-27 20:15:12
4712,280,571,2025-10-20 00:24:03
4713,248,530,2025-10-22 05:21:28
4714,281,447,2025-10-26 22:19:22
4715,239,594,2025-11-17 22:12:37
4716,227,432,2025-12-13 14:44:08
4717,204,554,2025-11-20 07:28:45
4718,215,485,2025-10-30 02:23:44
4719,259,454,2025-11-23 18:28:12
4720,282,583,2025-12-12 23:38:22
4721,251,519,2025-12-17 02:15:50
4722,244,497,2025-10-05 10:32:24
4723,224,477,2025-12-19 10:41:35
4724,204,569,2025-10-27 20:16:28
4725,253,471,2025-12-23 00:22:15
4726,256,573,2025-10-16 00:37:09
4727,239,570,2025-11-28 10:27:16
4728,282,544,2025-12-08 03:25:04
4729,265,455,2025-12-16 05:23:52
4730,280,518,2025-10-26 07:52:44
4731,204,438,2025-11-16 09:11:35
4732,275,479,2025-12-07 23:01:18
4733,263,509,2025-11-10 02:41:04
4734,247,471,2025-12-17 01:51:56
4735,236,436,2025-10-29 20:43:04
4736,224,527,2025-10-04 09:50:54
4737,250,574,2025-11-16 22:17:56
4738,220,578,2025-11-17 14:39:27
4739,223,477,2025-11-04 05:38:00
4740,208,456,2025-11-08 13:21:47
4741,227,481,2025-11-27 14:27:05
4742,278,411,2025-11-16 16:27:45
4743,267,509,2025-11-16 21:40:52
4744,273,590,2025-10-29 14:06:03
4745,212,575,2025-12-14 16:14:45
4746,254,589,2025-12-20 07:08:34
4747,276,420,2025-10-23 22:20:09
4748,282,565,2025-10-10 01:48:06
4749,210,518,2025-10-30 15:12:00
4750,250,596,2025-11-27 19:04:17
4751,266,509,2025-10-12 20:49:34
4752,230,463,2025-12-27 03:16:34
4753,212,476,2025-11-12 10:54:44
4754,223,459,2025-12-18 11:42:35
4755,235,474,2025-10-10 17:04:10
4756,248,593,2025-10-11 11:49:59
4757,264,541,2025-12-08 02:54:29
4758,234,488,2025-11-20 02:18:42
4759,239,514,2025-11-10 20:58:47
4760,262,414,2025-10-17 17:14:12
4761,234,459,2025-12-25 04:13:35
4762,292,459,2025-11-12 17:06:04
4763,261,522,2025-12-09 06:50:19
4764,284,485,2025-10-18 07:20:54
4765,202,445,2025-11-12 10:23:49
4766,215,460,2025-11-05 07:52:27
4767,248,495,2025-11-30 10:33:06
4768,255,558,2025-11-07 01:53:28
4769,296,451,2025-12-16 12:06:52
4770,221,568,2025-10-07 19:19:41
4771,244,461,2025-10-03 20:20:01
4772,290,419,2025-12-21 22:19:53
4773,243,522,2025-11-10 22:35:53
4774,298,589,2025-11-25 04:49:52
4775,216,521,2025-12-05 04:37:13
4776,209,433,2025-12-03 00:21:24
4777,269,497,2025-11-22 18:43:54
4778,283,494,2025-11-28 05:03:41
4779,289,452,2025-10-19 15:56:10
4780,275,549,2025-12-10 19:45:29
4781,229,418,2025-12-08 22:18:27
4782,279,554,2025-10-07 20:51:56
4783,299,593,2025-11-11 00:26:09
4784,228,467,2025-11-01 18:01:02
4785,273,455,2025-12-05 00:31:15
4786,248,514,2025-12-02 12:35:15
4787,233,592,2025-11-24 06:17:09
4788,287,468,2025-12-06 15:39:49
4789,253,457,2025-10-21 19:13:40
4790,266,504,2025-10-24 03:26:08
4791,294,451,2025-12-14 01:14:14
4792,282,511,2025-10-24 00:13:02
4793,244,588,2025-10-30 06:12:36
4794,299,506,2025-12-22 23:33:40
4795,256,517,2025-10-16 16:39:54
4796,285,533,2025-10-18 23:07:38
4797,218,490,2025-12-28 23:52:43
4798,251,452,2025-10-08 00:32:09
4799,223,519,2025-10-15 01:55:14
4800,247,554,2025-10-27 08:40:26
4801,294,430,2025-11-20 21:10:42
4802,274,513,2025-11-20 09:21:57
4803,233,556,2025-11-08 00:36:06
4804,246,482,2025-11-23 02:04:44
4805,252,433,2025-12-20 10:56:18
4806,247,428,2025-11-13 06:17:42
4807,203,429,2025-12-05 04:09:01
4808,254,471,2025-12-26 00:16:34
4809,288,526,2025-10-05 03:40:01
4810,300,514,2025-11-14 23:19:58
4811,238,549,2025-10-21 23:24:18
4812,224,531,2025-12-25 14:15:33
4813,233,534,2025-10-24 01:27:37
4814,269,476,2025-11-22 19:45:25
4815,210,585,2025-12-14 04:56:31
4816,292,578,2025-11-26 23:36:00
4817,213,535,2025-10-19 05:10:36
4818,259,445,2025-10-23 07:25:40
4819,293,419,2025-12-05 21:27:44
4820,242,434,2025-10-06 04:19:19
4821,241,455,2025-11-09 16:48:29
4822,295,587,2025-10-31 17:54:05
4823,216,448,2025-11-15 09:55:48
4824,208,475,2025-10-09 23:13:33
4825,217,487,2025-12-06 20:53:43
4826,286,416,2025-12-24 22:38:23
4827,277,518,2025-11-08 16:23:06
4828,234,468,2025-10-22 08:57:28
4829,201,588,2025-12-15 09:48:01
4830,254,450,2025-12-19 05:22:02
4831,297,412,2025-10-10 07:28:11
4832,236,593,2025-10-06 23:10:20
4833,217,472,2025-10-26 22:34:28
4834,203,522,2025-11-14 12:35:07
4835,225,561,2025-10-31 22:44:08
4836,224,423,2025-12-14 20:54:51
4837,236,535,2025-11-25 08:55:50
4838,232,477,2025-11-28 11:45:48
4839,244,497,2025-12-27 06:00:52
4840,223,590,2025-12-26 12:12:57
4841,240,535,2025-11-16 11:08:48
4842,252,491,2025-10-24 04:38:50
4843,204,412,2025-12-06 08:59:58
4844,240,532,2025-12-01 22:16:58
4845,272,529,2026-01-01 08:17:22
4846,235,401,2025-11-05 09:12:32
4847,233,414,2025-12-22 00:58:22
4848,299,512,2025-11-13 21:35:04
4849,241,453,2025-12-10 16:34:33
4850,213,548,2025-10-09 23:55:28
4851,229,424,2025-10-20 23:51:01
4852,269,428,2025-11-15 20:00:59
4853,266,404,2025-12-07 01:59:03
4854,217,412,2025-12-04 23:47:25
4855,278,579,2025-12-25 00:38:50
4856,294,516,2025-12-17 01:06:15
4857,254,466,2025-10-18 05:21:46
4858,292,467,2025-12-12 15:20:27
4859,211,541,2025-12-26 23:03:06
4860,262,514,2025-11-19 17:57:47
4861,260,539,2025-12-29 23:41:17
4862,268,419,2025-10-10 18:35:38
4863,262,531,2025-12-19 16:37:45
4864,286,587,2025-10-10 04:59:54
4865,295,465,2025-10-13 19:29:53
4866,253,584,2025-11-14 19:45:42
4867,220,522,2025-10-28 22:33:32
4868,238,407,2025-12-09 09:21:02
4869,280,405,2025-11-28 00:01:52
4870,296,581,2025-12-22 17:35:55
4871,232,532,2025-12-27 08:20:00
4872,214,547,2025-10-10 05:16:42
4873,242,585,2025-10-15 11:18:45
4874,224,512,2025-12-27 09:11:21
4875,270,454,2025-12-29 01:29:41
4876,277,479,2025-10-27 10:30:38
4877,207,570,2025-12-24 18:00:57
4878,257,597,2025-10-09 00:47:32
4879,220,415,2025-12-03 00:07:55
4880,238,582,2025-12-05 10:40:07
4881,214,507,2025-12-06 01:31:00
4882,257,573,2025-10-16 06:28:36
4883,292,525,2025-12-21 10:26:02
4884,280,405,2025-11-26 05:51:33
4885,287,584,2025-10-07 13:13:21
4886,295,536,2025-10-13 06:29:29
4887,273,494,2025-12-04 20:09:49
4888,234,589,2025-12-28 18:18:00
4889,232,457,2025-12-25 11:26:15
4890,288,544,2025-11-21 05:52:58
4891,230,588,2025-12-26 09:25:53
4892,258,499,2025-12-21 06:55:46
4893,285,511,2025-11-01 21:19:57
4894,274,484,2025-11-25 13:55:01
4895,236,582,2025-12-20 00:55:07
4896,229,575,2025-12-07 04:37:51
4897,244,559,2025-11-20 06:51:20
4898,285,469,2025-10-09 15:34:14
4899,294,469,2025-11-05 17:02:52
4900,264,567,2025-10-15 15:15:46
4901,269,505,2025-11-09 08:25:12
4902,227,417,2025-11-10 17:25:07
4903,223,500,2025-12-25 20:13:31
4904,259,572,2025-12-28 03:40:35
4905,278,450,2025-11-25 05:30:12
4906,214,439,2025-12-14 21:17:29
4907,291,588,2025-12-27 19:45:22
4908,260,499,2025-10-17 17:25:56
4909,242,550,2025-11-05 09:32:23
4910,295,535,2025-11-21 08:10:43
4911,282,550,2025-10-07 02:27:38
4912,250,408,2025-12-27 03:37:35
4913,266,441,2025-10-12 14:54:09
4914,210,412,2025-10-07 04:04:35
4915,278,453,2025-10-23 00:06:09
4916,255,522,2025-12-22 18:19:53
4917,221,534,2025-12-05 07:32:00
4918,238,460,2025-12-23 15:17:46
4919,288,534,2025-11-22 06:37:48
4920,207,457,2025-12-18 00:03:50
4921,206,562,2025-11-26 09:46:12
4922,297,592,2025-11-14 14:42:48
4923,211,480,2025-10-30 17:54:02
4924,228,543,2025-11-30 07:03:29
4925,294,548,2025-12-25 19:02:15
4926,204,409,2025-12-23 14:46:19
4927,282,498,2025-12-08 23:44:35
4928,205,530,2025-10-16 16:46:45
4929,262,490,2025-12-29 10:00:48
4930,223,574,2025-10-28 08:29:26
4931,240,478,2025-12-02 16:53:33
4932,227,589,2025-10-17 18:24:40
4933,223,434,2025-11-20 23:13:53
4934,281,539,2025-12-27 09:46:23
4935,237,561,2025-12-12 15:31:07
4936,286,598,2025-12-25 02:22:38
4937,277,416,2025-12-30 19:01:55
4938,230,436,2025-12-06 11:29:23
4939,204,486,2025-11-24 07:39:20
4940,283,513,2025-10-30 13:50:53
4941,273,545,2025-10-20 04:59:00
4942,246,496,2025-12-12 19:50:36
4943,241,557,2025-11-19 03:08:15
4944,285,564,2025-11-29 07:15:40
4945,239,600,2025-11-07 16:07:25
4946,279,409,2025-12-09 18:57:13
4947,261,433,2025-11-11 01:46:19
4948,295,408,2025-10-27 05:10:56
4949,274,490,2025-10-15 13:36:07
4950,218,477,2025-12-09 17:20:47
4951,261,582,2025-12-02 21:17:43
4952,256,408,2025-12-08 20:46:19
4953,275,507,2025-12-31 17:28:12
4954,245,437,2025-11-06 10:51:03
4955,211,482,2025-10-09 14:05:52
4956,204,598,2025-12-01 06:07:48
4957,247,407,2025-12-03 03:54:28
4958,285,542,2025-11-20 23:57:14
4959,247,535,2025-11-20 00:59:56
4960,219,457,2025-12-14 05:46:24
4961,247,406,2025-12-24 19:25:32
4962,223,537,2025-10-25 03:28:07
4963,263,467,2025-12-22 06:23:20
4964,284,402,2025-12-13 17:52:41
4965,235,556,2025-10-23 09:51:29
4966,281,417,2025-12-25 06:56:53
4967,235,403,2025-10-29 20:58:05
4968,263,579,2025-10-26 05:46:12
4969,239,407,2025-12-23 15:20:05
4970,259,581,2025-10-19 04:49:53
4971,292,423,2025-10-12 23:13:50
4972,221,411,2025-10-18 01:53:54
4973,255,587,2025-12-29 15:27:49
4974,285,572,2025-11-01 01:56:25
4975,294,600,2025-11-14 02:31:52
4976,299,576,2025-12-28 06:25:13
4977,211,546,2025-11-12 08:49:34
4978,262,487,2025-10-04 03:28:30
4979,243,528,2025-11-17 08:52:01
4980,300,458,2025-11-15 10:13:09
4981,205,572,2025-10-10 04:23:39
4982,209,441,2025-12-31 10:00:37
4983,254,401,2025-12-24 06:36:08
4984,267,410,2025-12-17 10:34:47
4985,227,413,2025-10-22 10:32:42
4986,242,597,2025-10-25 09:26:56
4987,228,485,2025-10-17 20:25:15
4988,273,452,2025-10-30 14:34:53
4989,221,588,2025-10-28 15:45:35
4990,287,564,2025-12-14 14:56:27
4991,262,457,2025-11-23 16:41:55
4992,272,455,2025-10-18 17:33:45
4993,253,529,2025-10-22 12:55:10
4994,222,574,2025-12-25 22:31:38
4995,206,553,2025-10-04 09:45:37
4996,202,437,2025-10-18 01:34:12
4997,216,527,2025-11-19 06:35:56
4998,225,499,2025-10-19 13:18:15
4999,224,473,2025-12-12 07:26:38
5000,297,503,2025-10-24 11:52:13
5001,285,489,2025-11-06 14:17:55
5002,282,535,2025-10-16 06:54:06
5003,282,423,2025-12-16 09:58:08
5004,300,424,2025-10-21 06:10:31
5005,242,585,2025-10-11 17:36:50
5006,254,531,2025-10-13 02:52:32
5007,243,423,2025-12-19 22:26:37
5008,252,451,2025-11-11 23:15:33
5009,235,443,2025-12-30 03:12:57
5010,278,496,2025-12-02 05:54:58
5011,227,588,2025-11-27 14:56:20
5012,231,463,2025-12-04 10:40:23
5013,275,408,2025-12-27 09:42:39
5014,210,561,2025-12-05 06:01:13
5015,207,497,2025-12-15 15:11:51
5016,203,451,2025-10-08 14:52:49
5017,283,430,2025-11-03 18:44:55
5018,267,557,2025-11-06 16:31:10
5019,259,478,2026-01-01 04:48:30
5020,253,537,2025-11-04 06:38:59
5021,236,409,2025-10-06 22:55:21
5022,213,598,2025-12-17 05:11:22
5023,235,526,2025-10-11 18:49:42
5024,211,505,2025-11-11 17:13:01
5025,213,403,2025-10-20 01:32:25
5026,236,544,2025-10-30 05:59:55
5027,241,502,2025-11-20 09:34:09
5028,259,434,2025-10-18 22:45:37
5029,282,421,2025-10-23 12:17:18
5030,259,476,2025-10-30 10:47:42
5031,210,520,2025-10-04 07:34:45
5032,249,481,2025-12-03 07:11:38
5033,249,419,2025-11-21 11:47:42
5034,234,453,2025-10-25 17:33:44
5035,230,545,2025-11-08 16:07:21
5036,256,543,2025-10-21 07:19:33
5037,207,471,2025-12-08 03:46:09
5038,270,463,2025-12-07 22:08:35
5039,263,558,2025-10-21 02:41:35
5040,242,452,2025-12-16 12:17:19
5041,247,412,2025-10-15 22:14:51
5042,245,467,2025-12-27 15:57:32
5043,220,414,2025-10-31 04:00:33
5044,300,461,2025-12-04 00:20:07
5045,259,530,2025-10-05 08:52:39
5046,248,456,2025-10-08 19:07:38
5047,221,598,2025-12-15 14:53:07
5048,219,425,2025-10-11 12:23:00
5049,233,452,2025-12-14 03:19:27
5050,286,579,2025-10-28 12:58:19
5051,297,459,2025-12-21 05:29:22
5052,299,598,2025-11-23 23:02:15
5053,216,497,2025-10-27 22:47:37
5054,245,423,2025-11-08 12:52:54
5055,295,420,2025-11-21 04:30:53
5056,244,543,2025-11-17 06:05:35
5057,214,588,2025-10-09 19:46:11
5058,218,600,2025-12-15 15:04:15
5059,286,431,2025-10-14 06:08:50
5060,235,585,2025-10-08 03:55:43
5061,249,443,2025-11-15 09:09:42
5062,220,563,2025-12-27 06:26:19
5063,211,416,2025-11-24 09:46:01
5064,240,582,2025-10-22 02:53:50
5065,227,465,2025-11-24 17:05:57
5066,298,577,2025-11-14 01:25:59
5067,234,424,2025-10-11 01:25:23
5068,208,559,2025-11-25 16:30:00
5069,300,499,2025-11-29 00:30:10
5070,228,452,2025-10-09 13:36:38
5071,249,545,2025-10-15 01:06:00
5072,241,562,2025-12-17 22:18:35
5073,291,545,2025-11-11 09:00:51
5074,201,447,2025-11-13 03:47:22
5075,259,479,2025-11-27 21:54:24
5076,280,441,2025-10-10 18:40:32
5077,237,588,2025-10-12 00:57:21
5078,269,404,2025-12-18 20:50:45
5079,271,512,2025-12-25 01:52:32
5080,294,499,2025-11-12 16:21:19
5081,282,529,2025-10-10 15:10:48
5082,239,542,2025-10-23 17:02:22
5083,263,497,2025-12-01 15:14:38
5084,218,455,2025-12-05 21:42:41
5085,280,486,2025-12-06 22:59:42
5086,239,499,2025-12-20 22:19:27
5087,227,466,2025-11-13 19:17:20
5088,246,584,2025-10-10 06:25:19
5089,259,502,2025-11-12 22:01:43
5090,205,511,2025-12-30 06:55:53
5091,229,499,2025-10-09 21:28:36
5092,239,468,2025-12-22 03:06:01
5093,249,451,2025-10-03 18:02:44
5094,265,527,2025-12-16 00:10:10
5095,262,450,2025-10-12 11:20:15
5096,216,513,2025-12-04 00:54:02
5097,265,537,2025-11-18 22:51:32
5098,235,506,2025-11-08 23:57:05
5099,295,550,2025-11-21 06:02:15
5100,226,538,2025-11-20 23:56:24
5101,297,563,2025-11-29 12:07:38
5102,285,473,2025-12-09 01:07:02
5103,297,596,2025-10-17 21:16:37
5104,256,555,2025-12-09 08:29:52
5105,290,492,2025-12-23 23:28:27
5106,210,541,2025-11-13 14:09:33
5107,270,423,2025-12-21 06:47:07
5108,278,524,2025-10-04 01:00:41
5109,237,578,2025-11-16 06:25:15
5110,296,498,2025-12-27 18:08:55
5111,229,432,2025-12-19 14:19:51
5112,225,406,2025-10-15 10:35:04
5113,234,565,2025-11-19 00:02:10
5114,294,562,2025-11-07 01:53:43
5115,237,502,2025-10-08 12:26:55
5116,293,504,2025-10-26 05:16:31
5117,218,495,2025-10-14 15:37:04
5118,201,585,2025-12-03 14:20:01
5119,225,425,2025-10-09 18:11:44
5120,284,430,2025-11-21 21:20:43
5121,277,509,2025-11-02 03:37:54
5122,230,490,2025-11-20 05:21:57
5123,202,417,2025-11-05 14:31:52
5124,253,426,2025-12-07 23:15:42
5125,265,549,2025-12-29 03:38:25
5126,286,451,2025-12-22 13:05:09
5127,266,580,2025-11-19 11:12:41
5128,238,549,2025-10-26 02:21:53
5129,260,408,2025-10-16 21:17:58
5130,293,432,2025-12-01 00:02:51
5131,209,573,2025-10-12 17:13:28
5132,241,576,2025-12-19 20:01:20
5133,207,418,2025-11-29 03:09:30
5134,281,444,2025-11-23 02:32:36
5135,202,486,2025-12-11 14:33:26
5136,216,432,2025-10-06 14:06:17
5137,276,591,2025-11-22 01:31:39
5138,262,465,2025-11-13 02:30:21
5139,289,549,2025-11-17 21:46:27
5140,243,543,2025-11-27 15:23:01
5141,251,572,2025-10-16 09:31:00
5142,221,432,2025-12-28 13:12:32
5143,228,493,2025-12-05 17:11:52
5144,299,525,2025-11-25 13:16:40
5145,272,435,2025-10-07 06:34:29
5146,243,407,2025-11-10 14:56:23
5147,207,496,2025-10-19 11:01:11
5148,282,455,2025-10-29 17:10:19
5149,254,585,2025-10-28 19:31:09
5150,289,582,2025-11-03 19:46:06
5151,298,524,2025-12-27 19:24:09
5152,224,559,2025-10-16 17:13:16
5153,247,416,2025-12-28 21:11:06
5154,239,457,2025-10-08 16:23:44
5155,278,404,2025-12-31 17:20:05
5156,227,543,2025-11-02 10:53:51
5157,287,527,2025-11-08 15:38:52
5158,298,403,2025-12-08 02:10:03
5159,217,480,2025-11-10 14:42:33
5160,280,420,2025-12-19 22:30:21
5161,257,438,2025-12-08 11:31:30
5162,233,452,2025-11-26 13:06:05
5163,251,511,2025-12-15 19:07:59
5164,267,472,2025-11-17 02:35:57
5165,218,535,2025-11-22 13:27:23
5166,278,419,2025-11-16 07:04:43
5167,236,435,2025-12-09 17:59:46
5168,260,481,2025-12-08 20:05:44
5169,290,471,2025-10-28 15:30:54
5170,246,514,2025-12-09 05:51:34
5171,229,401,2025-10-17 00:30:18
5172,216,440,2025-10-14 02:00:02
5173,245,576,2025-12-10 20:52:16
5174,213,448,2025-12-29 15:12:52
5175,223,468,2025-10-22 20:47:18
5176,209,433,2025-12-26 08:46:22
5177,279,444,2025-11-04 14:50:00
5178,237,531,2025-12-31 19:07:57
5179,264,490,2025-12-28 11:51:45
5180,252,547,2025-11-03 12:13:27
5181,224,554,2025-10-08 23:26:28
5182,213,592,2025-10-25 15:40:49
5183,207,499,2025-10-22 07:40:16
5184,261,578,2025-12-22 22:28:07
5185,297,497,2025-10-14 04:02:47
5186,278,443,2025-10-06 01:11:20
5187,293,496,2026-01-01 07:06:09
5188,298,541,2025-12-16 23:19:46
5189,292,523,2025-10-08 19:39:47
5190,235,488,2025-11-10 10:37:59
5191,296,487,2025-12-30 09:09:48
5192,276,503,2025-11-16 04:42:36
5193,229,510,2025-10-12 16:08:38
5194,218,489,2025-10-24 20:40:52
5195,226,507,2025-11-12 00:09:14
5196,274,576,2025-11-08 07:52:20
5197,224,541,2025-12-30 08:59:05
5198,236,404,2025-10-05 19:26:15
5199,248,410,2025-10-16 13:58:54
5200,285,564,2025-12-10 20:55:04
5201,212,490,2025-11-25 17:08:35
5202,227,562,2025-12-04 23:01:27
5203,250,475,2025-11-02 19:08:52
5204,269,521,2025-10-28 11:13:58
5205,218,555,2025-11-27 18:32:49
5206,239,414,2025-12-17 14:48:35
5207,229,587,2025-10-24 07:19:25
5208,273,441,2025-11-13 02:48:53
5209,256,566,2025-11-08 09:42:16
5210,233,498,2025-11-25 00:18:08
5211,233,534,2025-12-26 08:00:34
5212,286,553,2025-11-29 04:06:06
5213,238,438,2025-11-21 03:04:38
5214,202,487,2025-11-24 19:21:27
5215,233,568,2025-11-29 15:28:14
5216,209,529,2025-12-30 08:28:33
5217,258,414,2025-10-07 18:02:47
5218,201,509,2025-10-09 21:07:30
5219,249,596,2025-12-17 10:47:15
5220,270,559,2025-12-03 02:02:31
5221,211,424,2025-12-28 16:44:05
5222,208,425,2025-10-24 06:38:01
5223,261,543,2025-11-19 07:57:10
5224,248,563,2025-12-15 00:21:11
5225,245,448,2025-11-03 17:17:45
5226,287,442,2025-12-17 04:26:19
5227,282,446,2025-11-28 01:48:16
5228,251,441,2025-12-21 05:35:42
5229,266,578,2025-12-17 08:53:46
5230,249,500,2025-12-26 12:05:54
5231,249,411,2026-01-01 10:08:28
5232,205,539,2025-10-22 22:46:50
5233,230,569,2025-12-19 01:01:49
5234,201,454,2025-11-16 20:51:25
5235,224,491,2025-11-05 04:19:29
5236,246,404,2025-12-09 10:45:10
5237,248,504,2025-12-07 11:27:44
5238,283,529,2025-11-03 04:12:29
5239,283,532,2025-11-25 16:20:37
5240,237,551,2025-11-28 19:49:28
5241,278,418,2025-10-28 22:16:18
5242,203,469,2025-10-07 11:32:18
5243,226,489,2025-11-08 16:56:58
5244,248,545,2025-10-07 04:21:03
5245,257,546,2025-11-04 15:18:16
5246,239,515,2025-12-06 09:45:51
5247,242,435,2025-11-17 18:52:44
5248,231,564,2025-12-26 05:49:03
5249,267,476,2025-12-10 22:10:43
5250,278,529,2025-12-29 02:20:19
5251,277,480,2025-12-24 02:15:07
5252,225,511,2025-12-04 10:43:43
5253,231,553,2025-10-08 23:53:32
5254,298,410,2025-11-12 00:14:12
5255,284,489,2025-10-13 08:27:57
5256,223,453,2025-11-15 05:22:56
5257,236,436,2025-10-20 23:41:10
5258,250,433,2025-10-29 10:20:33
5259,257,412,2025-12-27 11:40:23
5260,230,465,2025-10-08 13:19:54
5261,255,597,2025-11-13 02:41:49
5262,203,567,2025-12-21 21:34:16
5263,210,492,2025-12-21 10:17:28
5264,254,405,2025-11-05 13:57:57
5265,258,472,2025-11-24 12:27:05
5266,289,447,2025-12-18 20:46:06
5267,292,451,2025-12-25 18:08:22
5268,259,467,2025-11-18 20:55:17
5269,260,594,2025-11-07 03:29:45
5270,284,545,2025-10-11 19:06:25
5271,250,441,2025-12-02 17:33:50
5272,285,460,2025-12-03 17:14:19
5273,205,592,2026-01-01 08:47:14
5274,299,434,2025-10-17 17:51:10
5275,254,454,2025-11-24 14:28:45
5276,261,415,2025-11-09 13:55:25
5277,272,501,2025-12-05 14:20:26
5278,280,507,2025-12-30 04:30:12
5279,247,537,2025-10-23 22:26:21
5280,279,532,2025-10-15 14:41:40
5281,287,600,2025-11-18 09:30:25
5282,276,448,2025-10-22 10:40:14
5283,272,405,2025-10-11 03:55:57
5284,249,463,2025-12-12 19:43:23
5285,274,590,2025-10-13 19:44:17
5286,269,423,2025-10-06 04:17:57
5287,285,586,2025-12-18 05:25:43
5288,283,513,2025-12-30 12:45:33
5289,275,512,2025-10-08 09:10:24
5290,293,515,2025-12-29 05:01:00
5291,247,558,2025-11-01 02:59:20
5292,263,535,2025-12-23 23:50:26
5293,255,526,2025-11-12 05:44:46
5294,252,588,2025-12-16 16:13:01
5295,214,479,2025-10-20 04:41:32
5296,223,406,2025-11-16 03:17:55
5297,274,417,2025-10-08 14:41:55
5298,271,490,2025-10-24 09:21:11
5299,207,404,2025-10-12 11:33:24
5300,297,571,2025-11-07 15:54:36
5301,217,441,2025-11-10 08:07:51
5302,234,441,2025-12-19 05:34:24
5303,222,555,2025-10-04 02:08:40
5304,239,441,2025-12-23 18:11:08
5305,223,515,2025-11-30 14:07:05
5306,239,461,2025-10-17 00:31:35
5307,278,584,2025-11-10 01:46:19
5308,293,522,2025-11-26 01:13:31
5309,221,473,2025-12-01 21:51:29
5310,228,417,2025-12-23 07:07:12
5311,272,409,2025-10-19 03:05:09
5312,201,485,2025-10-04 04:37:17
5313,234,564,2025-11-30 18:28:20
5314,228,585,2025-11-27 06:03:08
5315,241,437,2025-11-18 03:32:49
5316,253,600,2025-11-09 20:22:14
5317,293,536,2025-10-11 01:58:05
5318,295,520,2025-11-12 14:13:58
5319,273,537,2025-11-19 05:40:42
5320,233,584,2025-10-13 12:13:57
5321,255,417,2025-12-21 20:08:44
5322,203,591,2025-10-09 06:09:39
5323,281,513,2025-11-05 16:28:53
5324,256,539,2025-12-17 19:28:32
5325,249,433,2025-10-08 20:48:27
5326,276,487,2025-12-27 16:43:17
5327,292,503,2025-10-17 20:23:51
5328,285,424,2025-12-18 05:30:39
5329,283,552,2025-12-28 19:15:12
5330,262,473,2025-11-13 12:07:54
5331,205,497,2025-12-25 00:29:00
5332,274,489,2025-10-18 12:14:48
5333,300,526,2025-10-18 07:31:39
5334,234,417,2025-11-05 00:08:42
5335,204,584,2025-11-25 20:52:44
5336,220,540,2025-10-26 23:51:58
5337,223,472,2025-11-13 06:37:24
5338,299,544,2025-12-03 04:40:23
5339,300,467,2025-10-24 05:44:14
5340,294,485,2025-10-16 00:12:28
5341,224,575,2025-11-25 21:09:08
5342,232,561,2025-11-16 21:56:44
5343,266,423,2025-10-05 00:09:34
5344,285,527,2025-12-21 01:56:16
5345,264,566,2025-12-18 18:32:49
5346,212,573,2025-10-05 13:50:18
5347,280,569,2025-11-26 16:07:19
5348,283,432,2025-10-07 00:10:16
5349,240,588,2025-12-31 05:16:25
5350,300,590,2025-10-30 08:25:48
5351,237,411,2025-12-30 18:29:43
5352,223,412,2025-11-28 22:14:48
5353,274,588,2025-12-19 20:54:04
5354,208,488,2025-10-27 06:56:32
5355,218,446,2025-11-20 06:24:21
5356,278,529,2025-12-11 05:11:44
5357,229,520,2025-10-25 15:47:20
5358,265,559,2025-11-21 19:24:10
5359,297,446,2025-12-19 23:18:02
5360,201,598,2025-12-25 10:07:37
5361,241,443,2025-10-10 20:07:58
5362,228,406,2025-10-08 01:49:24
5363,216,542,2025-12-25 21:55:08
5364,257,496,2025-12-21 00:29:16
5365,252,544,2025-11-28 16:39:59
5366,207,452,2025-12-28 21:46:22
5367,203,413,2025-10-31 14:23:05
5368,290,406,2025-12-30 14:33:28
5369,238,506,2025-12-31 11:05:38
5370,230,415,2025-10-23 17:24:51
5371,233,599,2025-12-04 10:36:42
5372,246,444,2025-12-27 12:40:30
5373,284,483,2025-10-21 07:12:07
5374,229,590,2025-10-17 00:25:20
5375,260,565,2025-10-05 11:32:00
5376,299,553,2025-12-04 19:27:18
5377,283,597,2025-11-10 12:45:17
5378,228,540,2025-10-21 21:04:03
5379,207,475,2025-10-06 11:46:02
5380,268,570,2025-11-16 11:28:06
5381,261,410,2025-11-13 20:57:05
5382,276,556,2025-10-15 01:49:17
5383,240,511,2025-11-04 04:32:00
5384,248,566,2025-11-28 05:17:12
5385,280,562,2025-12-04 18:06:00
5386,284,548,2025-10-22 15:05:30
5387,249,501,2025-11-28 21:57:14
5388,232,434,2025-12-25 10:30:32
5389,248,485,2025-10-29 03:08:21
5390,254,521,2025-10-11 17:19:38
5391,276,480,2025-12-26 00:48:38
5392,237,590,2025-11-12 08:03:18
5393,260,549,2025-12-26 04:44:20
5394,258,478,2025-11-16 15:30:29
5395,281,588,2025-10-14 17:52:57
5396,223,407,2025-12-03 09:35:12
5397,215,475,2025-11-07 19:59:21
5398,252,516,2025-12-17 21:35:56
5399,256,438,2025-12-27 13:13:49
5400,240,454,2025-12-14 13:49:07
5401,298,436,2025-12-20 05:30:44
5402,284,488,2025-11-08 23:18:04
5403,260,548,2025-11-20 16:35:17
5404,257,441,2025-11-23 16:20:51
5405,201,555,2025-10-28 17:12:54
5406,263,575,2025-10-08 20:01:08
5407,253,528,2025-11-10 19:20:06
5408,266,479,2025-11-04 15:06:28
5409,252,584,2025-12-27 03:16:30
5410,287,404,2025-12-11 16:01:23
5411,221,549,2025-10-31 09:57:08
5412,271,593,2025-11-15 13:03:26
5413,269,557,2025-12-30 02:38:20
5414,273,552,2025-12-02 03:12:40
5415,214,465,2025-12-16 08:31:15
5416,202,440,2025-11-11 01:24:50
5417,259,486,2025-10-16 21:39:01
5418,203,585,2025-12-09 18:24:34
5419,265,579,2025-10-15 11:09:54
5420,244,510,2025-11-04 21:19:01
5421,270,594,2025-11-26 09:08:35
5422,250,463,2025-12-15 09:00:48
5423,250,441,2025-10-25 22:46:23
5424,240,575,2025-12-04 03:19:04
5425,260,545,2025-12-24 09:19:07
5426,293,486,2025-11-17 05:55:27
5427,289,580,2025-12-16 05:03:15
5428,271,510,2025-10-15 05:35:22
5429,204,482,2025-10-05 03:12:44
5430,211,561,2025-10-25 09:46:18
5431,221,402,2025-10-31 07:58:43
5432,241,586,2025-11-20 01:50:38
5433,218,530,2025-10-31 12:08:07
5434,263,477,2025-11-20 16:41:16
5435,232,476,2025-12-26 02:24:47
5436,286,580,2025-11-18 00:39:08
5437,218,435,2025-12-06 23:04:42
5438,211,402,2025-10-30 23:41:46
5439,230,546,2025-12-02 18:22:28
5440,291,407,2025-12-01 22:38:26
5441,291,579,2025-12-09 08:52:16
5442,290,402,2025-12-25 07:15:54
5443,231,466,2025-12-13 15:27:52
5444,294,471,2025-10-05 16:22:59
5445,281,516,2025-12-07 23:50:05
5446,225,433,2025-11-10 01:25:30
5447,293,592,2025-10-08 08:27:52
5448,215,592,2025-11-30 05:20:41
5449,236,454,2025-12-30 22:51:38
5450,269,525,2025-11-02 23:39:38
5451,268,542,2025-10-18 14:33:23
5452,207,468,2025-11-05 20:57:23
5453,226,442,2025-12-24 16:07:16
5454,273,509,2025-10-10 03:13:32
5455,278,561,2025-10-30 22:16:51
5456,204,593,2025-12-12 08:46:34
5457,296,407,2025-10-23 11:09:02
5458,231,496,2025-11-30 00:56:30
5459,237,425,2025-11-05 18:48:26
5460,294,591,2025-12-28 22:55:54
5461,279,582,2025-10-11 12:59:43
5462,233,471,2025-12-11 15:55:35
5463,278,445,2025-11-12 14:55:25
5464,227,495,2025-12-03 11:59:55
5465,286,500,2025-10-06 00:19:12
5466,282,468,2025-10-03 20:57:03
5467,282,406,2025-11-07 23:38:02
5468,278,484,2025-11-06 12:51:34
5469,221,556,2025-12-21 22:43:30
5470,268,535,2025-12-09 15:22:25
5471,264,476,2025-11-19 14:39:59
5472,221,503,2025-10-29 03:47:37
5473,228,419,2025-11-22 09:38:54
5474,209,439,2025-10-18 20:05:05
5475,280,586,2025-11-07 07:14:26
5476,281,539,2025-12-14 02:07:28
5477,286,508,2025-10-13 22:39:47
5478,224,435,2025-11-20 09:47:03
5479,290,517,2025-11-22 13:55:28
5480,270,450,2025-12-26 01:40:58
5481,229,588,2025-12-18 19:07:12
5482,281,551,2025-10-17 20:09:29
5483,262,539,2025-10-06 03:43:23
5484,233,518,2025-12-14 19:43:47
5485,206,584,2025-12-21 02:44:08
5486,202,450,2025-10-22 21:08:46
5487,262,569,2025-12-05 23:20:07
5488,235,457,2025-10-25 10:21:52
5489,251,463,2025-11-14 04:04:19
5490,214,595,2025-12-07 15:38:30
5491,267,526,2025-10-12 07:18:19
5492,232,482,2025-12-15 14:14:52
5493,246,587,2025-12-02 06:13:06
5494,291,518,2025-11-29 07:43:36
5495,260,444,2025-11-18 01:27:48
5496,273,550,2025-12-09 07:36:45
5497,262,402,2025-10-06 02:26:06
5498,230,425,2025-12-18 14:15:42
5499,257,489,2025-10-27 19:43:08
5500,278,540,2025-11-14 03:56:16
5501,270,452,2025-10-29 22:32:12
5502,224,467,2025-10-30 14:43:54
5503,212,503,2025-10-28 19:33:14
5504,225,531,2025-11-02 20:54:42
5505,209,492,2025-12-30 17:14:23
5506,235,487,2025-10-20 14:25:12
5507,226,443,2025-11-30 09:24:01
5508,238,496,2025-12-27 04:04:31
5509,244,440,2025-11-29 05:55:38
5510,225,567,2025-10-09 04:46:12
5511,297,476,2025-12-07 05:51:27
5512,224,525,2025-10-31 16:52:39
5513,271,550,2025-11-02 14:43:22
5514,273,437,2025-12-09 04:28:21
5515,258,503,2025-10-24 06:44:35
5516,278,503,2025-10-13 07:02:20
5517,281,569,2025-10-17 10:18:00
5518,245,568,2025-12-11 16:31:06
5519,289,527,2025-10-20 23:09:16
5520,205,428,2025-11-13 09:27:40
5521,261,470,2025-11-12 11:18:24
5522,262,574,2025-10-15 05:50:54
5523,230,509,2025-12-07 19:28:29
5524,229,497,2025-11-20 15:30:10
5525,279,598,2025-12-06 21:23:40
5526,290,407,2025-10-24 16:28:19
5527,295,510,2025-11-13 21:19:44
5528,233,470,2025-11-22 12:46:59
5529,270,468,2025-11-26 14:54:05
5530,276,521,2025-12-29 00:35:56
5531,221,491,2025-11-03 07:26:37
5532,288,445,2025-12-20 03:15:42
5533,258,455,2025-10-20 03:43:55
5534,240,583,2025-12-09 03:24:45
5535,207,596,2025-11-08 01:32:00
5536,290,413,2025-12-18 07:02:06
5537,270,467,2025-12-17 19:30:29
5538,293,530,2025-11-22 13:14:48
5539,228,473,2025-12-17 07:29:05
5540,283,592,2025-12-14 08:44:49
5541,284,414,2025-11-19 00:42:24
5542,275,407,2025-12-30 01:43:39
5543,267,453,2025-10-23 05:33:45
5544,233,597,2025-11-12 05:21:02
5545,243,563,2025-11-08 12:18:58
5546,238,465,2025-10-27 02:11:05
5547,250,562,2025-11-30 09:57:58
5548,259,468,2025-12-08 10:50:13
5549,258,600,2025-12-23 03:22:00
5550,293,589,2025-12-24 13:49:30
5551,245,451,2025-11-12 19:38:57
5552,271,456,2025-11-18 10:17:28
5553,239,585,2025-10-09 18:45:15
5554,262,432,2025-12-09 23:59:02
5555,218,577,2025-12-12 21:04:49
5556,236,471,2025-12-21 19:04:26
5557,280,497,2025-11-19 13:40:20
5558,266,509,2025-12-23 14:23:08
5559,210,578,2025-11-03 13:34:31
5560,212,468,2025-11-27 09:29:41
5561,266,434,2025-10-08 11:59:24
5562,220,412,2025-12-06 21:08:26
5563,222,495,2025-11-27 11:16:44
5564,269,485,2025-11-06 23:43:46
5565,261,445,2025-11-16 07:08:49
5566,298,574,2025-11-03 19:56:30
5567,220,508,2025-12-12 09:51:34
5568,209,425,2025-12-22 23:07:39
5569,274,449,2025-12-11 09:58:17
5570,240,453,2025-10-05 10:16:24
5571,205,557,2025-11-16 16:48:24
5572,224,413,2025-12-20 01:43:42
5573,252,467,2025-11-20 17:42:36
5574,292,525,2025-12-06 06:00:36
5575,219,503,2025-10-19 02:44:09
5576,251,591,2025-11-04 02:59:42
5577,289,558,2025-10-09 00:20:32
5578,281,431,2025-11-05 14:52:31
5579,262,477,2025-11-19 19:32:51
5580,215,451,2025-11-06 09:45:19
5581,261,481,2025-11-04 13:52:32
5582,276,448,2025-12-31 13:33:05
5583,250,526,2025-11-01 05:50:21
5584,298,482,2025-12-30 04:41:51
5585,208,506,2025-11-20 07:12:20
5586,260,410,2025-11-12 08:55:49
5587,248,463,2025-10-26 08:22:30
5588,256,505,2025-11-01 23:25:32
5589,277,465,2025-12-13 20:03:34
5590,211,440,2025-10-09 04:08:52
5591,290,520,2025-11-19 05:26:56
5592,297,596,2025-11-14 04:31:07
5593,215,434,2025-10-31 19:20:34
5594,264,478,2025-11-30 20:18:08
5595,277,597,2025-10-13 12:30:26
5596,212,519,2025-11-05 12:22:01
5597,229,471,2025-11-30 09:33:07
5598,214,546,2025-10-08 23:27:02
5599,238,559,2025-10-16 00:27:57
5600,235,579,2025-10-29 05:09:54
5601,299,450,2025-11-08 19:25:08
5602,265,422,2025-10-30 16:49:23
5603,207,548,2025-10-28 16:21:04
5604,259,450,2025-10-29 17:08:20
5605,291,411,2025-12-11 15:46:03
5606,261,402,2025-12-24 16:58:26
5607,203,579,2025-12-08 17:33:30
5608,214,477,2025-12-31 21:45:33
5609,273,571,2025-11-20 14:33:02
5610,215,553,2025-10-06 04:42:31
5611,238,536,2025-11-04 15:46:37
5612,207,559,2025-10-12 22:02:15
5613,237,476,2025-12-04 21:59:58
5614,227,449,2025-11-05 12:12:19
5615,244,466,2025-11-21 09:09:22
5616,299,535,2025-10-13 03:48:50
5617,257,514,2025-10-05 10:18:11
5618,252,441,2025-11-10 06:53:10
5619,229,401,2025-10-05 22:26:14
5620,290,403,2025-10-18 19:01:46
5621,273,437,2025-12-26 14:34:22
5622,264,477,2025-12-02 15:59:43
5623,266,411,2025-12-24 11:08:59
5624,241,443,2025-10-30 10:11:29
5625,279,559,2025-12-17 12:20:58
5626,232,428,2025-11-26 12:33:39
5627,276,435,2025-12-09 00:06:35
5628,283,571,2025-11-29 03:22:45
5629,234,428,2025-12-23 15:44:07
5630,238,456,2025-11-25 14:05:40
5631,300,439,2025-12-28 07:39:27
5632,263,454,2025-10-19 06:11:51
5633,226,437,2025-11-07 10:04:30
5634,235,507,2025-10-26 18:58:45
5635,292,454,2025-11-23 08:42:45
5636,251,600,2025-11-05 05:28:37
5637,232,438,2025-11-13 19:50:26
5638,286,531,2025-11-10 22:34:19
5639,242,512,2025-12-29 00:36:39
5640,216,491,2025-12-02 13:16:19
5641,249,565,2026-01-01 04:48:13
5642,241,599,2025-11-04 19:14:10
5643,287,452,2025-11-03 13:52:47
5644,208,589,2025-11-08 07:09:57
5645,269,514,2025-12-12 14:55:42
5646,242,577,2025-11-16 04:29:54
5647,202,529,2025-10-30 00:45:41
5648,267,525,2025-11-17 15:06:54
5649,208,450,2025-12-17 11:58:03
5650,245,486,2025-12-22 18:59:33
5651,276,466,2025-10-20 22:56:01
5652,250,499,2025-11-01 21:29:02
5653,266,598,2025-11-22 21:39:25
5654,255,453,2025-10-14 23:48:37
5655,206,410,2025-12-21 17:44:54
5656,261,503,2025-11-25 19:48:05
5657,232,461,2025-11-08 13:31:47
5658,211,489,2025-12-16 00:37:46
5659,244,549,2025-10-31 16:14:57
5660,230,521,2025-12-10 23:30:26
5661,266,578,2025-11-09 02:03:10
5662,248,597,2025-11-14 13:26:32
5663,258,434,2025-10-27 04:34:43
5664,261,544,2025-11-06 18:12:55
5665,268,550,2025-10-24 15:40:41
5666,273,506,2025-11-23 09:52:34
5667,228,475,2025-12-14 09:46:31
5668,203,402,2025-12-20 08:54:57
5669,253,428,2025-11-29 10:38:00
5670,287,586,2025-12-07 08:53:47
5671,219,581,2025-11-03 06:43:46
5672,223,428,2025-11-30 04:38:23
5673,201,440,2025-10-14 18:06:53
5674,204,401,2025-10-04 16:33:29
5675,254,528,2025-11-07 22:17:55
5676,293,436,2025-12-28 00:50:06
5677,267,435,2025-12-25 17:21:13
5678,256,508,2025-12-14 21:24:47
5679,245,493,2025-12-20 03:05:29
5680,288,522,2025-10-12 01:42:03
5681,283,407,2025-12-22 09:30:29
5682,279,525,2025-12-28 23:30:08
5683,281,544,2025-10-26 14:44:25
5684,280,507,2025-11-11 10:32:55
5685,287,575,2025-11-16 16:41:18
5686,291,411,2025-11-13 17:03:12
5687,244,418,2025-12-15 04:16:45
5688,269,589,2025-12-02 08:27:55
5689,207,429,2025-10-13 09:04:42
5690,251,476,2025-10-03 15:41:40
5691,225,598,2025-12-12 07:02:07
5692,268,527,2025-12-19 10:44:04
5693,298,570,2025-12-14 17:08:26
5694,222,471,2025-10-20 01:34:26
5695,295,424,2025-10-11 10:02:32
5696,277,411,2025-12-20 21:06:38
5697,220,500,2025-12-17 13:35:14
5698,202,436,2025-10-07 14:05:55
5699,202,567,2025-11-22 19:14:48
5700,255,580,2025-11-22 00:22:39
5701,205,591,2025-10-29 00:35:03
5702,240,476,2025-10-10 19:42:24
5703,280,599,2025-11-16 15:47:57
5704,279,568,2025-11-21 20:20:58
5705,275,437,2025-12-28 13:40:25
5706,292,507,2025-10-11 03:43:50
5707,276,500,2025-12-22 00:34:35
5708,285,411,2025-12-27 02:04:58
5709,272,408,2025-10-03 14:25:09
5710,270,549,2025-11-02 13:54:46
5711,267,451,2025-11-23 07:03:16
5712,236,460,2025-10-25 12:10:03
5713,205,581,2025-10-26 05:25:02
5714,269,566,2025-12-24 03:46:06
5715,245,564,2025-11-05 23:02:50
5716,263,528,2025-11-01 05:12:34
5717,270,569,2025-11-20 04:59:13
5718,296,548,2025-12-26 19:23:42
5719,250,508,2025-10-23 06:31:30
5720,222,510,2025-11-28 05:13:14
5721,283,438,2025-11-08 19:25:09
5722,241,510,2025-11-05 18:57:54
5723,217,504,2025-10-14 10:50:39
5724,225,422,2025-10-31 20:47:14
5725,261,510,2025-11-22 07:54:59
5726,292,578,2025-12-14 03:13:38
5727,222,510,2025-12-02 18:18:26
5728,272,506,2025-12-04 07:14:42
5729,242,461,2025-12-21 09:25:06
5730,281,412,2025-12-21 11:06:07
5731,271,436,2025-11-01 12:26:15
5732,283,401,2025-10-17 19:27:10
5733,205,432,2025-12-19 16:10:33
5734,291,477,2025-12-09 22:57:51
5735,257,587,2025-11-17 22:16:06
5736,218,561,2025-11-15 08:05:45
5737,271,543,2025-12-18 07:22:03
5738,256,508,2025-11-28 06:03:43
5739,265,485,2025-10-17 14:09:11
5740,263,581,2025-12-17 08:09:43
5741,268,455,2025-10-16 17:24:34
5742,232,509,2025-12-25 21:13:34
5743,216,553,2025-12-13 23:25:10
5744,225,557,2025-11-24 16:48:06
5745,259,455,2025-12-07 11:52:52
5746,234,535,2025-12-30 00:31:20
5747,233,590,2025-11-10 21:46:10
5748,223,470,2025-10-28 03:26:27
5749,258,507,2025-10-27 06:28:35
5750,217,555,2025-11-16 15:33:44
5751,220,420,2025-11-28 03:24:55
5752,292,444,2025-11-19 22:41:51
5753,214,481,2025-11-14 10:00:52
5754,245,500,2025-10-08 19:33:31
5755,295,550,2025-12-06 00:14:36
5756,206,418,2025-11-27 20:53:30
5757,267,585,2025-10-08 18:44:17
5758,252,527,2025-10-21 20:44:35
5759,218,431,2025-10-31 07:27:01
5760,279,466,2025-12-20 12:56:17
5761,221,508,2025-12-11 06:05:39
5762,274,430,2025-12-16 13:24:50
5763,270,481,2025-12-03 05:03:38
5764,230,531,2025-11-26 18:24:42
5765,257,574,2025-11-29 19:50:17
5766,217,479,2025-12-24 04:58:47
5767,297,599,2025-12-04 11:54:33
5768,248,410,2025-12-17 23:18:02
5769,222,496,2025-11-21 16:58:25
5770,202,473,2025-10-21 22:59:31
5771,250,437,2025-12-29 11:13:29
5772,242,572,2025-11-03 08:36:12
5773,212,520,2025-11-29 01:39:41
5774,285,534,2025-10-14 23:28:06
5775,270,542,2025-11-19 01:28:52
5776,228,452,2025-10-21 05:39:05
5777,251,423,2025-11-19 23:29:43
5778,271,465,2025-11-10 18:27:27
5779,261,410,2025-11-23 11:33:23
5780,291,410,2025-10-14 21:10:07
5781,208,494,2025-10-30 21:46:32
5782,260,447,2025-12-11 12:33:06
5783,296,490,2025-11-03 12:36:25
5784,227,432,2025-11-25 20:06:54
5785,272,429,2025-10-24 12:09:43
5786,289,550,2025-10-16 05:26:47
5787,298,570,2025-11-06 09:48:35
5788,219,471,2025-11-29 15:59:23
5789,237,440,2025-11-04 00:14:11
5790,285,458,2025-11-04 08:57:39
5791,228,526,2025-12-21 05:08:17
5792,233,438,2025-11-21 18:54:54
5793,202,449,2025-11-11 18:40:03
5794,215,508,2025-11-28 01:34:54
5795,202,520,2026-01-01 05:11:39
5796,284,481,2025-10-13 00:42:00
5797,279,441,2025-10-31 17:24:15
5798,203,500,2025-11-05 09:14:25
5799,250,569,2025-12-23 14:20:54
5800,281,476,2025-11-21 20:23:25
5801,286,409,2025-11-09 19:33:48
5802,242,533,2026-01-01 10:02:08
5803,284,549,2025-10-29 22:32:17
5804,206,583,2025-11-23 11:12:38
5805,291,472,2025-12-28 17:45:55
5806,278,431,2025-12-25 14:49:11
5807,286,485,2025-10-13 06:44:33
5808,208,409,2025-11-18 01:36:59
5809,230,501,2025-11-01 11:18:09
5810,217,448,2025-12-25 14:55:05
5811,264,530,2025-10-25 01:36:20
5812,228,420,2025-11-14 10:49:28
5813,252,545,2025-11-29 09:17:58
5814,238,523,2025-11-20 01:23:43
5815,233,488,2025-11-27 16:02:29
5816,262,573,2025-10-28 19:18:32
5817,208,527,2025-12-31 07:16:09
5818,240,452,2025-12-31 21:12:04
5819,213,590,2025-10-11 14:31:35
5820,231,496,2025-12-13 19:40:07
5821,233,449,2025-12-05 13:45:10
5822,202,478,2025-12-08 01:37:13
5823,236,589,2025-11-06 11:56:20
5824,252,493,2025-10-03 18:22:05
5825,276,571,2025-10-30 13:54:36
5826,272,411,2026-01-01 10:10:28
5827,286,525,2025-11-05 07:10:51
5828,228,496,2025-12-21 13:36:58
5829,256,532,2025-10-19 21:31:15
5830,282,520,2025-11-24 16:34:05
5831,208,570,2025-11-01 04:47:44
5832,207,440,2025-11-29 00:35:26
5833,239,585,2025-11-02 19:57:04
5834,254,411,2025-11-30 23:22:34
5835,293,558,2025-12-18 02:52:14
5836,248,406,2025-10-04 21:37:32
5837,278,512,2025-11-24 10:30:58
5838,222,586,2025-12-17 20:09:08
5839,299,425,2025-11-04 03:17:30
5840,282,584,2025-12-28 00:28:45
5841,214,471,2025-10-25 00:30:05
5842,244,464,2025-12-20 12:10:08
5843,202,431,2025-11-26 15:34:45
5844,287,518,2025-12-06 04:06:21
5845,279,515,2025-11-11 11:35:09
5846,241,459,2025-10-24 22:15:24
5847,294,442,2025-12-16 02:21:03
5848,247,592,2025-11-25 19:10:34
5849,277,541,2025-10-07 03:05:49
5850,288,498,2025-11-27 20:49:42
5851,266,447,2025-11-04 14:49:03
5852,224,487,2025-12-23 15:33:14
5853,282,562,2025-10-31 04:12:52
5854,288,442,2025-12-22 19:02:46
5855,295,515,2025-11-13 06:19:59
5856,276,463,2025-10-13 00:19:39
5857,247,542,2025-11-12 06:06:10
5858,238,448,2025-11-26 23:21:36
5859,266,549,2025-12-16 04:51:21
5860,219,591,2025-12-06 05:12:40
5861,283,412,2025-11-08 22:40:44
5862,233,558,2025-12-28 09:32:40
5863,273,477,2025-11-29 00:20:56
5864,210,430,2025-10-31 10:58:04
5865,298,411,2025-10-11 18:20:11
5866,249,484,2025-11-16 00:19:32
5867,234,548,2025-11-07 07:57:22
5868,210,562,2025-12-10 23:35:17
5869,267,444,2025-10-26 16:52:32
5870,235,476,2025-11-16 14:27:04
5871,268,497,2025-10-04 23:05:37
5872,284,433,2025-10-16 15:21:35
5873,221,477,2025-11-02 19:24:49
5874,223,469,2025-12-19 08:29:11
5875,225,592,2025-12-21 02:27:47
5876,300,583,2025-12-19 05:24:55
5877,223,532,2025-10-12 22:36:01
5878,253,544,2025-12-02 08:30:51
5879,260,561,2025-11-01 07:43:03
5880,203,523,2025-10-27 14:52:43
5881,219,469,2025-11-02 23:42:02
5882,224,432,2025-11-25 03:06:54
5883,219,422,2025-10-29 04:56:03
5884,267,472,2025-10-14 19:03:27
5885,259,562,2025-11-10 15:40:43
5886,207,549,2025-12-07 10:41:29
5887,241,580,2025-10-20 08:05:49
5888,236,584,2025-11-24 05:19:09
5889,207,491,2025-11-07 15:58:17
5890,247,588,2025-11-26 00:05:05
5891,236,572,2025-11-06 23:25:30
5892,270,514,2025-12-09 02:50:34
5893,277,519,2025-11-19 03:48:29
5894,229,456,2025-12-30 08:39:26
5895,268,507,2025-10-20 06:24:34
5896,296,411,2025-11-01 18:35:01
5897,202,428,2025-12-31 14:08:25
5898,283,553,2025-12-30 23:25:06
5899,242,410,2025-12-05 22:56:05
5900,251,457,2025-11-05 16:19:39
5901,223,521,2025-11-26 13:01:14
5902,213,546,2025-10-06 21:12:09
5903,281,595,2025-10-16 22:16:33
5904,289,476,2025-12-01 05:05:23
5905,294,411,2025-10-12 18:11:32
5906,220,555,2025-11-23 20:51:05
5907,226,519,2025-10-14 21:38:43
5908,205,507,2025-12-02 18:46:20
5909,212,414,2025-11-27 02:22:15
5910,298,526,2025-11-26 08:33:09
5911,258,528,2025-12-31 05:19:14
5912,281,598,2025-10-27 16:10:14
5913,225,587,2025-10-03 22:12:42
5914,226,469,2025-11-04 09:25:07
5915,208,471,2025-11-30 13:33:31
5916,276,451,2025-10-26 19:46:19
5917,229,525,2025-12-19 17:16:50
5918,289,505,2025-10-26 00:58:13
5919,298,567,2025-11-06 12:22:25
5920,227,589,2025-10-12 20:26:39
5921,225,596,2025-12-02 10:47:10
5922,231,442,2025-10-10 21:42:41
5923,282,534,2025-11-30 17:14:51
5924,259,537,2025-10-16 23:55:47
5925,240,425,2025-12-03 23:19:09
5926,258,426,2025-12-25 16:10:27
5927,281,600,2025-12-20 03:54:40
5928,286,468,2025-12-04 20:50:24
5929,219,596,2025-11-24 09:23:13
5930,245,470,2025-10-19 09:37:06
5931,273,589,2025-10-07 01:07:45
5932,238,600,2025-11-27 13:14:08
5933,227,519,2025-10-23 07:54:06
5934,234,524,2025-11-23 08:18:56
5935,237,480,2025-11-06 17:21:49
5936,271,449,2025-12-31 11:34:18
5937,273,483,2025-10-11 13:41:50
5938,271,503,2025-10-20 20:45:49
5939,264,445,2026-01-01 00:00:16
5940,217,495,2025-10-19 22:21:51
5941,261,403,2025-11-06 22:09:37
5942,255,562,2025-10-04 19:55:21
5943,272,581,2025-12-10 01:50:09
5944,231,426,2025-10-28 23:44:14
5945,261,431,2025-12-15 02:07:10
5946,225,416,2025-12-29 16:12:37
5947,248,401,2025-11-11 12:00:15
5948,213,559,2025-12-29 08:10:21
5949,248,415,2026-01-01 02:48:25
5950,204,502,2025-12-14 16:52:18
5951,215,423,2025-12-01 11:34:37
5952,238,538,2025-12-09 17:05:57
5953,224,461,2025-11-28 01:41:42
5954,249,422,2025-12-12 05:15:26
5955,248,489,2025-10-23 06:52:10
5956,258,458,2025-11-18 08:27:06
5957,300,448,2025-11-25 18:28:55
5958,255,445,2025-10-06 09:25:32
5959,280,409,2025-12-07 12:42:19
5960,241,571,2025-10-28 12:33:52
5961,292,495,2025-12-24 10:49:17
5962,254,474,2025-12-22 05:50:30
5963,266,531,2025-12-22 14:21:20
5964,252,438,2025-12-22 03:26:56
5965,204,442,2025-12-17 15:11:33
5966,236,596,2025-12-15 13:06:15
5967,272,593,2025-11-18 19:28:32
5968,245,598,2025-10-25 22:52:47
5969,288,475,2025-11-24 14:14:45
5970,279,555,2025-12-12 07:16:25
5971,215,518,2025-10-27 05:31:14
5972,287,514,2025-12-27 11:05:26
5973,249,502,2025-10-04 14:17:02
5974,299,426,2025-12-10 20:16:08
5975,263,505,2025-12-31 17:47:39
5976,222,548,2025-11-26 16:12:33
5977,272,527,2025-10-07 02:07:49
5978,298,576,2025-11-20 04:55:04
5979,231,542,2025-11-05 06:12:45
5980,300,479,2025-10-18 11:55:27
5981,239,592,2025-12-12 16:07:56
5982,251,548,2025-10-20 00:32:03
5983,211,573,2025-12-15 09:52:00
5984,205,522,2025-11-04 02:01:22
5985,231,598,2025-12-20 03:34:58
5986,290,507,2025-12-09 11:16:16
5987,249,555,2025-10-20 17:58:37
5988,207,423,2025-11-14 00:20:20
5989,247,406,2025-11-09 17:49:47
5990,270,589,2025-11-08 20:44:48
5991,254,533,2025-11-21 03:43:05
5992,250,551,2025-11-11 05:49:49
5993,293,528,2025-10-08 21:49:22
5994,235,502,2025-11-27 05:32:56
5995,261,598,2025-12-07 07:02:59
5996,290,462,2025-11-17 07:58:45
5997,276,438,2025-11-28 05:42:42
5998,202,582,2025-10-12 16:19:43
5999,231,581,2025-11-15 18:32:53
6000,225,410,2025-11-07 13:39:55
